,,,,,,Total Number,,Approximate
,,,,,,of Shares ,,Dollar Value
,,,,,,Purchased as,,of Shares that
,, Total Number,,Average,,Part of Publicly,,May Yet Be
,, of Shares,,Price Paid,,Announced,,Purchased Under
Period,, Purchased,,per Share,,Program,,The Program*
,,,,,,,,,,,,
"July   1, 2013 - July 31, 2013",,"4,263,207",,$,194.43,,,"4,263,207",,$,"6,828,768,788"
,,,,,,,,,,,,
"August   1, 2013 - August 31, 2013",,,"3,232,800",,$,187.25,,,"3,232,800",,$,"6,223,411,517"
,,,,,,,,,,,,
"September   1, 2013 - September 30, 2013",,"3,040,200",,$,188.99,,,"3,040,200",,$,"5,648,842,668"
,,,,,,,,,,,,
Total,,,"10,536,207",,$,190.66,,,"10,536,207",,,
