,,"At September 30, 2013",,"At December 31, 2012"
,,Recorded,,Related,,Recorded,,Related
(Dollars in   millions),,Investment,,Allowance,,Investment,,Allowance
Major markets,,$,74,,$,68,,$,88,,$,77
Growth markets,,,109,,,102,,,72,,,65
Total,,$,183,,$,170,,$,160,,$,143
,,,,,,,,,
,,,,,,,,Interest
,,Average,,Interest,,Income
(Dollars in   millions),,Recorded,,Income,,Recognized on
"For the three   months ended September 30, 2013:",,Investment,,Recognized,,Cash Basis
Major markets,,$,73,,$,0,,$,0
Growth markets,,,102,,,0,,,0
Total,,$,174,,$,0,,$,0
,,,,,,,,,
,,,,,,,,Interest
,,Average,,Interest,,Income
(Dollars in   millions),,Recorded,,Income,,Recognized on
"For the three   months ended September 30, 2012:",,Investment,,Recognized,,Cash Basis
Major markets,,$,84,,$,0,,$,0
Growth markets,,,63,,,0,,,0
Total,,$,147,,$,0,,$,0
,,,,,,,,,
,,,,,,,,,,,,,,,,,,,,,
