,,,,Amortization,,,,,,Other,,
(Dollars in millions),,Life (in yrs.),,,SoftLayer,,,Acquisitions,,
Current   assets,,,,,$,80,,$,70,,
Fixed   assets/noncurrent assets,,,,,,301,,,18,,
Intangible   assets:,,,,,,,,,,,
,Goodwill,,,N/A,,,"1,284",,,551,,
,Completed   technology,,,5-7,,,290,,,126,,
,Client   relationships,,,7,,,245,,,59,,
,In-Process   R&D,,,N/A,,,2,,,�,,
,Patents/trademarks,,,2-7,,,75,,,22,,
Total   assets acquired,,,,,,"2,277",,,846,,
Current   liabilities,,,,,,(56),,,(20),,
Noncurrent   liabilities,,,,,,(244),,,(69),,
Total   liabilities assumed,,,,,,(300),,,(89),,
Total   purchase price,,,,,$,"1,977",,$,757,,
,,,,,,,,,,,,,
N/A - not applicable,,,,,,,,,,,
,,,,,,,,,,,,,
