Financial Results Summary:,,,,,,,,,,,
,,,,,,,,,Yr. to Yr.,
,,,,,,,,,,Percent/,
(Dollarsinmillionsexceptpershareamounts),,,,,,,,,Margin,
For the nine months ended September 30:,,2013,,,2012,,Change,
Revenue,,$,"72,052",,,$,"75,203",,,(4.2),%*
Gross   profit margin,,,47.5,%,,,46.7,%,,0.7,pts.
Total   expense and other income,,$,"21,627",,,$,"21,060",,,2.7,%
Total   expense and other income to revenue ratio,,,30.0,%,,,28.0,%,,2.0,pts.
Provision   for income taxes,,$,"2,263",,,$,"3,300",,,(31.4),%
Net   income ,,$,"10,299",,,$,"10,771",,,(4.4),%
Net   income margin ,,,14.3,%,,,14.3,%,,(0.0),pts.
Earnings   per share:,,,,,,,,,,,
,Assuming   dilution,,$,9.27,,,$,9.27,,,0.0,%
,Basic,,$,9.35,,,$,9.38,,,(0.3),%
Weighted-average   shares outstanding:,,,,,,,,,,,
,Assuming   dilution,,,"1,110.7",,,,"1,161.8",,,(4.4),%
,Basic,,,"1,101.8",,,,"1,148.4",,,(4.1),%
,,,,,,,,,,,,
,,,9/30/13,,,12/31/12,,,,
Assets,,$,"117,845",,,$,"119,213",,,(1.1),%
Liabilities,,$,"97,837",,,$,"100,229",,,(2.4),%
Equity,,$,"20,008",,,$,"18,984",,,5.4,%
,,,,,,,,,,,,
* 2.1 percent decrease adjusted for currency
